word,count
pack,119
amazon,72
ice,53
iphone,49
black,49
light,46
water,45
x,45
gift,43
home,42
hd,41
kid,38
card,37
oz,37
count,37
pro,37
set,35
battery,35
free,34
apple,34
white,34
charger,32
machine,31
book,31
case,30
fire,30
woman,30
mac,28
size,28
roll,28
series,28
binoculars,27
digital,27
baby,27
car,26
trap,26
air,26
basic,26
toy,25
kitchen,25
maker,25
inch,25
portable,25
office,25
box,24
adult,24
wireless,23
tv,23
control,23
cat,22
bottle,22
girl,22
wipe,22
paper,21
high,21
game,21
oil,20
tablet,20
party,20
clear,20
renewed,20
medium,19
easy,19
compatible,19
stainless,19
color,19
soft,19
usb,19
large,18
indoor,18
steel,18
led,18
power,18
diaper,18
video,18
alexa,18
men,18
filter,17
ultra,17
code,17
stick,17
waterproof,17
sheet,17
c,17
year,17
food,17
dog,17
supply,16
coin,16
max,16
protector,16
device,16
exclusive,16
software,16
halloween,16
dark,16
mini,16
lb,16
sport,15
string,15
phone,15
bag,15
old,15
one,15
screen,15
guitar,15
adapter,15
travel,15
coffee,15
total,15
gb,15
live,15
smart,15
motion,15
blue,14
tool,14
remote,14
display,14
life,14
fl,14
compact,14
silver,14
countertop,14
includes,14
skin,13
age,13
protection,13
made,13
strip,13
kit,13
charging,13
fly,13
streaming,13
ring,13
fruit,13
collection,12
picture,12
download,12
bird,12
fit,12
bright,12
handle,12
super,12
xbox,12
camera,12
mouse,12
fog,12
system,12
disney,12
ounce,12
straw,12
premium,12
glass,12
unlocked,12
football,12
craft,11
fast,11
gold,11
watching,11
included,11
camping,11
design,11
queen,11
release,11
newest,11
model,11
great,11
ipad,11
per,11
natural,11
unscented,11
outdoor,11
marker,11
birthday,11
use,11
cleaning,11
view,11
insect,11
clean,11
towel,11
low,11
cartridge,10
usa,10
egg,10
coloring,10
fan,10
regular,10
roast,10
dry,10
baseball,10
face,10
tape,10
hypoallergenic,10
hanging,10
hour,10
laptop,10
lid,10
tip,10
pen,10
magnetic,10
space,10
day,10
headphone,10
cover,10
resistant,10
boy,10
cotton,10
cube,10
basket,10
pc,10
vision,10
microphone,10
christmas,9
extra,9
insulated,9
grey,9
candle,9
month,9
wall,9
lightweight,9
thermometer,9
protein,9
antivirus,9
spray,9
pin,9
liquid,9
accessory,9
web,9
variety,9
reusable,9
ball,9
refill,9
mat,9
fall,9
single,9
pad,9
hunting,9
double,9
good,9
tripod,9
fine,9
audio,9
long,9
paint,9
back,9
chicken,9
safe,9
scoop,9
tax,9
bed,9
storage,9
body,8
full,8
vibrant,8
new,8
plastic,8
fresh,8
scent,8
weight,8
disposable,8
roku,8
voice,8
american,8
support,8
pocket,8
hp,8
chip,8
vpn,8
desk,8
toddler,8
pod,8
perfect,8
night,8
bluetooth,8
slim,8
adjustable,8
blade,8
heavy,8
auto,8
block,8
necklace,8
essential,8
uhd,8
instant,8
energy,8
cooking,8
sound,8
assorted,8
u,8
small,8
ready,8
topps,7
microscope,7
building,7
duty,7
capture,7
powered,7
hair,7
flying,7
bar,7
bronze,7
blanket,7
art,7
surface,7
cozy,7
gnat,7
doorbell,7
door,7
refrigerator,7
alert,7
state,7
complete,7
playstation,7
android,7
standard,7
drawing,7
wired,7
fryer,7
dispenser,7
glue,7
trading,7
comic,7
friendly,7
wood,7
teen,7
family,7
original,7
vary,7
pampers,7
midnight,7
gel,7
acrylic,7
deep,7
tumbler,7
starter,7
watch,7
litter,7
toilet,7
cleaner,7
glove,7
sealed,7
may,7
microfiber,7
window,7
pet,7
online,7
care,7
quick,7
airpods,7
emergency,7
lip,7
collector,6
odor,6
port,6
fluid,6
test,6
reading,6
wolverine,6
deadpool,6
star,6
classic,6
nugget,6
shower,6
adhesive,6
gallon,6
ink,6
trump,6
universal,6
optic,6
cable,6
sensitive,6
remover,6
razor,6
mount,6
talk,6
samsung,6
relaxation,6
band,6
decoration,6
deluxe,6
plug,6
character,6
packaging,6
plus,6
min,6
bathroom,6
carry,6
quality,6
panini,6
coverage,6
blink,6
monitoring,6
lens,6
moisture,6
shockproof,6
recording,6
detection,6
sweet,6
router,6
fleece,6
bracelet,6
jewelry,6
zevo,6
electric,6
official,6
decor,6
bead,6
piece,6
multi,6
drink,6
echo,6
bedding,6
pillow,6
outlet,6
magnet,6
school,6
housefly,6
strength,5
tube,5
holder,5
worldwide,5
catalina,5
vitamin,5
fun,5
swab,5
effect,5
powder,5
zero,5
war,5
bedroom,5
bullet,5
rv,5
grip,5
sugar,5
pump,5
blaster,5
redeem,5
juice,5
flat,5
cute,5
clay,5
edition,5
wiper,5
health,5
wash,5
training,5
replacement,5
strong,5
generation,5
floor,5
feast,5
deck,5
gray,5
pound,5
gen,5
trash,5
liner,5
treat,5
keyboard,5
mega,5
value,5
diffuser,5
sierra,5
wet,5
daisy,5
bulb,5
spider,5
custom,5
acoustic,5
virtual,5
organic,5
nipple,5
tire,5
brown,5
secure,5
huggies,5
version,5
quart,5
lasting,5
makeup,5
jar,5
vacuum,5
item,5
robloxwindows,5
work,5
cup,5
earbuds,5
base,5
meat,5
romance,5
app,5
roblox,5
watt,5
cloud,5
certified,5
hanger,5
copy,5
vintage,5
station,5
hanes,5
sweatshirt,5
reynolds,5
chewable,5
medical,5
yoga,5
uncirculated,5
bait,5
dollar,5
ceiling,5
dorm,5
tempered,5
robux,5
non,5
cruise,5
top,5
lp,5
ac,5
processor,5
bulk,5
round,5
mic,5
hoop,4
iced,4
mint,4
inside,4
turbotax,4
fuel,4
bbq,4
wedding,4
lilac,4
mcafee,4
rookie,4
little,4
earth,4
olive,4
touch,4
extender,4
speaker,4
renewal,4
federal,4
shirt,4
meal,4
parental,4
soy,4
grill,4
stem,4
ram,4
read,4
stand,4
quarter,4
chopper,4
metal,4
pearl,4
capsule,4
collectible,4
fade,4
trendy,4
copper,4
stanley,4
cybersecurity,4
intuitwindows,4
supplement,4
bath,4
ingredient,4
content,4
built,4
killer,4
roach,4
candy,4
tea,4
love,4
pest,4
nortonwindows,4
subscription,4
dad,4
first,4
norton,4
magsafe,4
microsoft,4
hard,4
thriller,4
chess,4
tennis,4
rechargeable,4
leak,4
telescope,4
lcd,4
printer,4
indoors,4
shake,4
learning,4
score,4
theater,4
concert,4
hiking,4
scott,4
joking,4
unlimited,4
hazard,4
funny,4
frame,4
sensor,4
style,4
pure,4
password,4
hero,4
green,4
stray,4
rubber,4
manager,4
return,4
shea,4
german,4
real,4
mask,4
workout,4
thick,4
photo,4
hoodie,4
breathable,4
graded,4
cockroach,4
pair,4
board,4
density,4
type,4
nfl,4
terro,4
flavored,4
river,4
studio,4
automotive,4
point,4
ideal,4
aluminum,4
washing,4
wifi,4
formula,4
simple,4
windshield,4
stone,4
lite,4
sewing,4
fancy,4
comfort,4
writing,4
empyrean,4
output,4
child,4
silicone,4
dot,4
artist,4
minute,4
noise,4
washer,4
amber,4
professional,4
costume,4
making,4
h,4
combo,4
gauge,4
fridge,4
chime,4
scissors,4
eye,4
scale,4
sharp,4
crystal,4
security,4
pink,4
habit,4
nickel,4
page,4
tiny,3
piercing,3
snack,3
beginner,3
music,3
nose,3
computer,3
reduce,3
earring,3
wrinkle,3
vegan,3
player,3
happiness,3
cyanide,3
larger,3
warm,3
setup,3
rat,3
rose,3
salt,3
alpha,3
reed,3
hydration,3
essence,3
ream,3
engagement,3
self,3
aa,3
alkaline,3
genuine,3
l,3
label,3
room,3
result,3
walking,3
headlamp,3
butter,3
tall,3
morgan,3
kindle,3
bible,3
flip,3
line,3
maximum,3
scented,3
caddy,3
burn,3
lamp,3
hand,3
retina,3
faster,3
lined,3
gaming,3
w,3
silonn,3
anniversary,3
macbook,3
orange,3
downloadmcafeewindows,3
fake,3
choice,3
stretch,3
capitan,3
gadget,3
secret,3
unconditional,3
se,3
modeling,3
wing,3
court,3
warranty,3
chocolate,3
word,3
flavor,3
nespresso,3
vertuo,3
fabric,3
brew,3
recovery,3
fogproof,3
roller,3
optical,3
fully,3
luck,3
glow,3
retail,3
bad,3
build,3
monterey,3
educational,3
gloss,3
vortex,3
backup,3
handheld,3
privacy,3
manual,3
minnie,3
el,3
chew,3
sparkling,3
ceramic,3
calorie,3
history,3
solo,3
featuring,3
keurig,3
brewer,3
carrying,3
housemaid,3
beat,3
spaced,3
fda,3
ad,3
beauty,3
commemorative,3
moisturizer,3
galaxy,3
handmade,3
surge,3
puppy,3
handout,3
flame,3
espresso,3
duck,3
volume,3
painting,3
rock,3
drinking,3
electrolyte,3
headset,3
io,3
gum,3
clumping,3
gps,3
blend,3
creamy,3
poop,3
preschool,3
favor,3
dual,3
exercise,3
head,3
psychological,3
ant,3
daily,3
satin,3
leather,3
push,3
theatrical,3
charcoal,3
clip,3
drop,3
twist,3
bumper,3
side,3
twister,3
routine,3
cap,3
helpful,3
proof,3
dish,3
dust,3
wheat,3
lot,3
freezer,3
pillowcase,3
ear,3
company,3
honest,3
penny,3
foot,3
absorbent,3
personalized,3
mpr,3
based,3
furnace,3
tub,3
exam,3
cloth,3
command,3
bass,3
ct,3
guaranteed,3
loss,3
hooded,3
xl,3
stocking,3
stuffer,3
running,3
fry,3
headlight,3
elastic,3
motorcycle,3
crew,3
suv,3
truck,3
sprayer,3
tee,3
donruss,3
freshener,3
eversoft,3
factory,3
upper,3
bigger,3
hockey,3
basketball,3
chrome,3
driver,3
waist,3
bonus,3
ecosmart,3
loom,3
hook,3
container,3
shredder,3
vinyl,3
unopened,3
bpa,3
beef,3
lavalier,3
merv,3
poster,3
powerful,3
patch,3
luxury,3
dj,3
potty,3
united,3
gram,3
installation,3
pouch,3
movie,3
ailun,3
rosemary,3
sharpie,3
platinum,3
newborn,3
fragrance,3
table,3
club,3
underwear,3
pant,3
switch,3
cooling,3
mode,3
smoke,3
eligible,3
journal,3
carpet,3
rise,3
pumpkin,3
nintendo,3
ft,3
accurate,3
dc,3
actual,3
hotel,3
enabled,3
brand,3
podcast,3
note,2
sleeve,2
earphone,2
excel,2
folder,2
calendar,2
p,2
cancelling,2
powerpoint,2
electronic,2
franklin,2
kpop,2
liberty,2
lumen,2
living,2
plated,2
make,2
president,2
challenge,2
painter,2
oem,2
tummy,2
red,2
cruz,2
venetian,2
legging,2
vest,2
laser,2
finish,2
clog,2
sticky,2
pasty,2
turn,2
wax,2
ultimate,2
celia,2
dumbbell,2
mixed,2
clothes,2
gigabit,2
creative,2
extension,2
alarm,2
gem,2
nail,2
indian,2
airtag,2
aid,2
circulated,2
treadmill,2
half,2
memory,2
territory,2
personal,2
unsearched,2
ethernet,2
purple,2
mercury,2
shotgun,2
without,2
sq,2
activation,2
r,2
builder,2
different,2
cord,2
mesh,2
cooler,2
hoodies,2
brush,2
express,2
wide,2
optional,2
stylus,2
foam,2
yd,2
older,2
toxic,2
filtration,2
backlit,2
winking,2
pickleball,2
cent,2
golf,2
certificate,2
authenticity,2
barbie,2
happy,2
donald,2
deco,2
id,2
vivid,2
motor,2
shadow,2
capacity,2
hose,2
upstreman,2
smoothie,2
connect,2
solid,2
owala,2
freesip,2
cycle,2
specialty,2
curtain,2
thermostat,2
interview,2
ernie,2
utopia,2
cubic,2
odorless,2
fogworx,2
insert,2
couch,2
saving,2
pebble,2
apartment,2
transparent,2
flowstate,2
laundry,2
soap,2
height,2
probiotic,2
need,2
diy,2
lavender,2
feel,2
febreze,2
tone,2
stain,2
amp,2
stereo,2
quencher,2
load,2
including,2
pa,2
bundle,2
karaoke,2
stage,2
colorful,2
youtube,2
barrel,2
vlog,2
drain,2
twin,2
fortnite,2
grillers,2
slicer,2
iceflow,2
veggie,2
breast,2
sonic,2
modern,2
lunch,2
rubbermaid,2
leakproof,2
prep,2
pellet,2
cold,2
tank,2
griddle,2
calibration,2
oven,2
peeler,2
boiled,2
cracker,2
healthy,2
opener,2
salad,2
ge,2
vegetable,2
dvd,2
two,2
oval,2
slow,2
cooker,2
versatile,2
cookware,2
entertaining,2
ecozy,2
rug,2
plush,2
lure,2
town,2
cabinet,2
merced,2
isabela,2
romulus,2
alien,2
mountain,2
novel,2
hammer,2
steelbookryan,2
sister,2
digitalryan,2
joint,2
phosphor,2
rich,2
rated,2
fairlife,2
milk,2
beverage,2
muscle,2
cider,2
favorite,2
e,2
absorbing,2
lime,2
pur,2
pee,2
purina,2
canvas,2
solimo,2
cheese,2
cool,2
cobweb,2
gummy,2
place,2
crunchy,2
sand,2
sqft,2
core,2
charm,2
tissue,2
best,2
superior,2
class,2
special,2
business,2
coated,2
multipurpose,2
classroom,2
durable,2
tag,2
keychain,2
pose,2
immune,2
pail,2
jacket,2
archie,2
furniture,2
thing,2
chom,2
grain,2
pate,2
poultry,2
premier,2
specie,2
major,2
phantom,2
packing,2
drying,2
permanent,2
index,2
ruled,2
sereney,2
fsc,2
print,2
sided,2
envy,2
deskjet,2
moving,2
plunger,2
nature,2
college,2
scotch,2
durability,2
number,2
volt,2
shelf,2
tiktok,2
pick,2
mix,2
help,2
smoker,2
time,2
clove,2
lightning,2
advion,2
healing,2
unisex,2
console,2
dreadlock,2
tray,2
euhomy,2
catchmaster,2
four,2
safer,2
filled,2
cartilage,2
thin,2
feeling,2
emotional,2
cz,2
sea,2
citrus,2
multiple,2
cinnamon,2
ruler,2
washington,2
brief,2
armor,2
atomic,2
bluey,2
glasspak,2
controller,2
interactive,2
adaptable,2
shampoo,2
suitable,2
cleansing,2
yarros,2
meta,2
quest,2
sensory,2
opera,2
wildlife,2
proven,2
gentle,2
playing,2
animal,2
acne,2
show,2
student,2
artsplaystation,2
aperture,2
aqua,2
monoculars,2
happens,2
silent,2
break,2
way,2
fever,2
monocular,2
flow,2
increased,2
patented,2
equivalent,2
gasoline,2
nitrile,2
million,2
stream,2
part,2
changing,2
road,2
lazuli,2
ihealth,2
antigen,2
mirror,2
rapid,2
search,2
rivet,2
booster,2
jump,2
magnification,2
midwest,2
simply,2
pressure,2
play,2
conscious,2
beautifully,2
bicycle,2
princesschappell,2
lapis,2
roan,2
yellow,2
noco,2
boost,2
short,2
n,2
laneige,2
balm,2
taylor,2
boyfriend,2
antioxidant,2
paperwhite,2
stained,2
tiffany,2
hygge,2
cruelty,2
storm,2
organizer,2
smartphone,2
limited,2
mental,2
epidemic,2
princess,2
recipe,2
facial,2
memoir,2
childhood,2
dermaplaning,2
expansion,2
enhancement,2
rhythm,2
superfoods,2
beet,2
gluten,2
silk,2
vent,2
eliminates,2
enlarged,2
vanilla,2
cream,2
better,2
antimicrobial,2
causing,2
hot,2
hydrate,2
metabolism,2
doodle,2
binocular,2
limitless,2
hydrating,2
focus,2
fiber,2
connection,2
fourth,2
playstationplaystation,2
repellent,2
surprising,2
xboxxbox,2
glossy,2
sightseeing,2
friend,2
pore,2
lash,2
maas,2
mess,2
repairing,2
snail,2
leaf,2
rewiring,2
anxious,2
carbon,2
letter,2
hear,2
story,2
shape,2
stay,2
witch,2
practice,2
shine,2
compound,2
filtrete,2
nightmare,2
bud,2
discomfort,2
vehicle,2
nasal,2
corrosion,2
last,2
treatment,2
dimmable,2
latex,2
designed,2
call,2
operated,2
esr,2
tile,2
various,2
wicking,2
interior,2
protective,2
connector,2
valve,2
reduces,2
med,2
eliminator,2
required,2
step,2
pride,2
anker,2
true,2
jbl,2
mcfadden,2
damage,2
pullover,2
film,2
island,2
electrostatic,2
pleated,2
dynamic,2
lead,2
closet,2
fat,2
authorized,2
retainer,2
removal,2
song,2
pitcher,2
squeegee,2
eua,2
everydrop,2
unknown,2
whirlpool,2
multipack,2
psa,2
sweat,2
beam,2
recycled,2
marie,2
otc,2
spatial,2
impurity,2
household,2
magic,1
wingo,1
metallic,1
spectrum,1
sweetener,1
eco,1
br√ºmate,1
flush,1
airtight,1
pok√©mon,1
tonal,1
owned,1
microwave,1
wastebasket,1
invisible,1
carta,1
magna,1
superfood,1
shipping,1
salted,1
parchment,1
intonation,1
coastal,1
frosted,1
unite,1
wooden,1
asmr,1
brilliance,1
earthwood,1
invoxia,1
consistent,1
reliable,1
dusk,1
fogging,1
transitional,1
teal,1
leftover,1
era,1
driftwood,1
rosewood,1
artificial,1
commercial,1
produce,1
efficient,1
foggers,1
capo,1
leettus,1
jay,1
funtainer,1
flickering,1
tab,1
ballpoint,1
retractable,1
naked,1
supa,1
visibility,1
smother,1
zebra,1
barbecue,1
profile,1
organizing,1
template,1
hompavo,1
topper,1
ce,1
position,1
file,1
kiddycare,1
manila,1
carrot,1
kitchenaid,1
hardcover,1
gsm,1
multifunction,1
banana,1
notebook,1
pear,1
unsweetened,1
squeeze,1
patio,1
upside,1
trendplain,1
gmo,1
paperage,1
cutter,1
nelko,1
gal,1
individually,1
ysagi,1
nightstand,1
elevated,1
shade,1
mounting,1
nitripride,1
nano,1
third,1
cleanser,1
ezlifego,1
cripsy,1
thermos,1
antiseptic,1
hibiclens,1
stackable,1
pu,1
blotter,1
gorilla,1
thermal,1
shell,1
nursery,1
hammermill,1
erase,1
expo,1
nursing,1
openerhard,1
cart,1
basil,1
empty,1
wrapped,1
accent,1
laminator,1
cracking,1
laminating,1
square,1
extended,1
sylvania,1
earmuff,1
slinky,1
midea,1
bengoo,1
surround,1
van,1
chest,1
cascade,1
chris,1
damme,1
ductless,1
extreme,1
transformer,1
steelbook,1
price,1
wound,1
licensed,1
microsdxc,1
kickboxer,1
maybesta,1
sandisk,1
lapel,1
cordless,1
konamiplaystation,1
omnidirectional,1
condenser,1
hill,1
headsetmetameta,1
trial,1
arkham,1
batman,1
mango,1
actionpacs,1
vincent,1
neosmuk,1
uncut,1
saxon,1
absorber,1
bd,1
musty,1
fresher,1
john,1
tex,1
dishwasher,1
street,1
elm,1
ordesky,1
mark,1
avery,1
lord,1
damprid,1
cri,1
tune,1
looney,1
chalamet,1
rgbw,1
timoth√©e,1
tapo,1
conjuring,1
dvdryan,1
supmedic,1
iris,1
dune,1
medpride,1
detergent,1
gallery,1
hemsworth,1
get,1
cabin,1
rack,1
gameswindows,1
epic,1
comfortable,1
focused,1
coating,1
nanoweb,1
elixir,1
projecting,1
mixing,1
cowsar,1
healthcare,1
jack,1
neodymium,1
infrared,1
hr,1
trilogy,1
froggy,1
haunters,1
focusrite,1
scarlett,1
interface,1
guitarist,1
vocalist,1
producer,1
frigidaire,1
record,1
decosis,1
projector,1
handling,1
store,1
gooseneck,1
bleach,1
consoleplaystationplaystation,1
monitor,1
mcconaughey,1
madden,1
otg,1
previously,1
technical,1
horror,1
converter,1
peter,1
alcohol,1
oneodio,1
cushing,1
interstellar,1
whiteplaystationplaystation,1
isopropyl,1
range,1
matthew,1
male,1
female,1
hood,1
ùêîùê©ùê†ùê´ùêöùêùùêûùêù,1
agptek,1
exhaust,1
examination,1
receiver,1
launch,1
quartz,1
refantazio,1
xlr,1
metaphor,1
membership,1
ea,1
conductor,1
pvc,1
moth,1
marvin,1
biodynamic,1
emailbitdefenderwindows,1
defense,1
culligan,1
lifestraw,1
zerowater,1
tds,1
neoprene,1
iapmo,1
chromium,1
webroot,1
adobewindows,1
tenmiro,1
protect,1
sync,1
rgb,1
edit,1
glocusent,1
pdf,1
acrobat,1
adobe,1
preparedness,1
allergen,1
pressureless,1
resistance,1
sulfur,1
replace,1
lhknl,1
guide,1
every,1
instruction,1
brita,1
loop,1
simplify,1
micro,1
weightlifting,1
fitness,1
stripe,1
reflective,1
cadmium,1
weighted,1
zelus,1
bounce,1
bendable,1
neck,1
xwfe,1
bitdefender,1
train,1
ifit,1
endless,1
fasigo,1
puzzle,1
possibility,1
spot,1
strategy,1
lego,1
advent,1
holiday,1
figure,1
clock,1
leapfrog,1
visual,1
microsoftwindows,1
schylling,1
needoh,1
spotlight,1
splitter,1
monthly,1
membershipifitwindows,1
suppression,1
knitting,1
lover,1
prepared,1
microsoftmicrosoftwindows,1
branded,1
install,1
intended,1
wind–æws,1
fiberglass,1
monitoringmcafeewindows,1
blockwindows,1
offer,1
refund,1
requiredmicrosoftios,1
hvac,1
onedrive,1
person,1
rotating,1
flashlight,1
stair,1
squish,1
pepper,1
babe,1
ruth,1
memorabilia,1
many,1
ship,1
nba,1
giving,1
mosaic,1
cello,1
nhl,1
sp,1
dream,1
late,1
early,1
safety,1
oc,1
police,1
aim,1
finger,1
upperdeck,1
fleer,1
parallel,1
grade,1
caleb,1
worthy,1
xavier,1
harrison,1
daniel,1
mystery,1
jayden,1
signature,1
possible,1
v,1
contains,1
script,1
draft,1
legend,1
current,1
chance,1
zoo,1
hyper,1
access,1
sabre,1
counter,1
chair,1
zak,1
open,1
approved,1
tealights,1
usapa,1
votive,1
pickleballs,1
disinfection,1
survival,1
aniversary,1
purification,1
aquatabs,1
strap,1
mattress,1
intex,1
centerpiece,1
funeral,1
ambidextrous,1
fishing,1
sage,1
flameless,1
homemory,1
sperax,1
rocker,1
gci,1
supersoft,1
mlb,1
callaway,1
update,1
hobby,1
freeze,1
unwanted,1
contaminant,1
particle,1
outdoors,1
energizer,1
option,1
hex,1
barbell,1
harmful,1
spout,1
nice,1
rachel,1
provision,1
zillagreen,1
battle,1
elsey,1
waste,1
beystadium,1
arena,1
rail,1
launcher,1
kinsa,1
absorbency,1
termometro,1
cleared,1
snap,1
sourced,1
oral,1
sustainably,1
pedal,1
armpit,1
williams,1
rectal,1
leash,1
inaba,1
churu,1
buffalo,1
rare,1
transforms,1
mobile,1
kokodi,1
temptation,1
rice,1
erasable,1
maintain,1
technology,1
lickable,1
ammonia,1
beyblade,1
xtreme,1
freshness,1
tuna,1
taurine,1
pur√©e,1
squeezable,1
victor,1
garden,1
fidget,1
temperature,1
lifetime,1
balancer,1
applicator,1
prop,1
agricultural,1
chunx,1
bromethalin,1
stop,1
wedge,1
tomcat,1
freshen,1
nesting,1
repel,1
gu,1
grandpa,1
renewedxbox,1
rodent,1
bug,1
catching,1
infusion,1
form,1
cellular,1
trick,1
quickcare,1
flexzilla,1
lizard,1
snake,1
house,1
root,1
stretchy,1
skateboard,1
experience,1
promixx,1
ollies,1
kickflips,1
triple,1
resolution,1
driven,1
mem,1
fidelity,1
pacific,1
tasty,1
shifting,1
speak,1
senior,1
blok,1
big,1
mr,1
msm,1
chondroitin,1
glucosamine,1
cosequin,1
laboratory,1
nutramax,1
bacon,1
chewer,1
sketch,1
aggressive,1
chisel,1
bitzee,1
reacts,1
wishbone,1
benebone,1
pup,1
poker,1
glacier,1
rider,1
cam,1
formerly,1
purchase,1
sing,1
doll,1
apps,1
phrase,1
picassotiles,1
playboards,1
manipulative,1
glowsticks,1
construction,1
ereaders,1
pop,1
anywhere,1
taco,1
goat,1
insignia,1
pizza,1
swipe,1
squeaker,1
plan,1
stuffing,1
fur,1
clothing,1
chomchom,1
lint,1
kikidex,1
horizon,1
group,1
reveal,1
slide,1
arm,1
activity,1
nutritional,1
esoxoffore,1
canine,1
fortiflora,1
sd,1
xr,1
shashibo,1
veterinary,1
pooph,1
dismantles,1
molecular,1
jerky,1
breed,1
crinkle,1
tilt,1
tap,1
urge,1
satisfies,1
digestible,1
easily,1
luv,1
basis,1
seafood,1
grilled,1
butt,1
paw,1
grooming,1
textured,1
deodorizer,1
urine,1
sensing,1
discovered,1
thermopro,1
gladwell,1
portraitsamara,1
engineeringmalcolm,1
hit,1
cure,1
worldthe,1
lost,1
swift,1
gr√¢ce,1
de,1
coup,1
shady,1
death,1
warbob,1
shaped,1
charlie,1
abbey,1
housemaidfreida,1
swim,1
therapy,1
everything,1
tried,1
jelly,1
broken,1
supercharged,1
joy,1
social,1
soundtrack,1
zoetrope,1
misxi,1
effortless,1
memoirlisa,1
promax,1
tauri,1
earpods,1
usbc,1
presley,1
boyfriendfreida,1
etc,1
google,1
powerbank,1
external,1
bank,1
slimmest,1
iniu,1
edge,1
coates,1
revenge,1
tipping,1
overstories,1
superspreaders,1
disc,1
strange,1
woodward,1
miracase,1
astronomical,1
crossfire,1
novelnavessa,1
allen,1
diamondback,1
fmc,1
prism,1
onesjames,1
magnifier,1
memoirina,1
elikliv,1
refracting,1
az,1
chapel,1
garten,1
gskyer,1
lab,1
science,1
novelkristin,1
hannah,1
darkchris,1
lighted,1
microbrite,1
carson,1
whitaker,1
darkness,1
triumph,1
nosie,1
reduction,1
whitsitt,1
moon,1
brokenjelly,1
momentliane,1
moriarty,1
pixel,1
witchstonehenry,1
magnifying,1
fixed,1
macro,1
viewing,1
distance,1
astronomy,1
skymaster,1
celestron,1
traveling,1
poldr,1
stargazing,1
upgraded,1
neff,1
adorrgon,1
iron,1
hontry,1
capability,1
bubble,1
healthcasey,1
journaling,1
ibayam,1
planner,1
end,1
dime,1
grab,1
world,1
colored,1
fineliner,1
tite,1
direct,1
eagle,1
jean,1
leg,1
flex,1
authentics,1
wrangler,1
arch,1
shoe,1
potato,1
sandal,1
footbed,1
cork,1
mule,1
suede,1
ten,1
random,1
private,1
mintage,1
avdp,1
date,1
ike,1
eisenhower,1
seal,1
antique,1
marshling,1
yukaba,1
beautiful,1
program,1
sizers,1
loose,1
adjuster,1
heavenly,1
coa,1
mm,1
jumbo,1
width,1
guard,1
vdb,1
lincoln,1
troy,1
presidential,1
kidmi,1
crossover,1
desert,1
lace,1
comfortflex,1
boxer,1
measurement,1
relaxed,1
sweatpants,1
bottom,1
tailor,1
crewneck,1
centimetre,1
reverse,1
bodysuit,1
lingerie,1
flare,1
shapewear,1
bustier,1
corset,1
szivyshi,1
voiceaware,1
vibe,1
mkeke,1
megnetic,1
temdan,1
mfi,1
mailesi,1
waistband,1
undershirt,1
available,1
matching,1
sunzel,1
tucked,1
zip,1
outfit,1
sweater,1
oversized,1
winter,1
tight,1
crop,1
taking,1
bra,1
lift,1
playtex,1
gdminlo,1
gildan,1
nippies,1
measure,1
crocs,1
flexible,1
people,1
gym,1
pajama,1
harvest,1
eyepiece,1
mean,1
kamala,1
snugglers,1
derived,1
naturally,1
colorless,1
astroai,1
inflator,1
narrow,1
level,1
compressor,1
mover,1
bear,1
mama,1
pattern,1
performance,1
verified,1
ewg,1
compostable,1
purified,1
balloon,1
waterwipes,1
ultrasafe,1
jumper,1
diesel,1
engine,1
usanooks,1
ups,1
wt,1
lubricant,1
cruiser,1
biodance,1
tint,1
moisturize,1
glowy,1
tested,1
blemish,1
zit,1
covering,1
pimple,1
hydrocolloid,1
cosmetic,1
repellency,1
mighty,1
snug,1
welcome,1
registry,1
panda,1
sustainable,1
crc,1
object,1
forehead,1
hsa,1
fsa,1
swaddlers,1
weave,1
overnight,1
drift,1
washable,1
crevice,1
slime,1
detail,1
specific,1
conventional,1
weatherbeater,1
putty,1
saver,1
protects,1
prevents,1
keep,1
grime,1
stabilizer,1
condition,1
mobil,1
like,1
brings,1
advanced,1
restoration,1
jeep,1
protectant,1
synthetic,1
guy,1
bosch,1
icon,1
passenger,1
maintainer,1
flextough,1
trend,1
chrysler,1
honda,1
toyota,1
ford,1
gm,1
fender,1
panel,1
trim,1
popular,1
fastener,1
gooacc,1
bike,1
pulidiki,1
anodized,1
detailing,1
ckauto,1
lithium,1
atv,1
desulfator,1
float,1
trickle,1
latitude,1
hydrogel,1
occer,1
exfoliant,1
spooky,1
melania,1
oprah,1
hygiene,1
information,1
niacinamide,1
ceramide,1
repair,1
toleriane,1
la,1
blackhead,1
acid,1
laura,1
salicylic,1
bha,1
perfecting,1
paula,1
buildable,1
fair,1
foundation,1
network,1
correcting,1
baked,1
york,1
cutie,1
adorable,1
creepy,1
creature,1
md,1
corner,1
tracing,1
workbook,1
mist,1
catch,1
share,1
guided,1
father,1
want,1
furysarah,1
illness,1
thief,1
wimpy,1
diary,1
taste,1
illnessjonathan,1
onyx,1
haidt,1
message,1
ruinsarah,1
moment,1
nexus,1
geller,1
aiyuval,1
minimizing,1
filtrate,1
automobile,1
cell,1
nourish,1
sleeping,1
paraben,1
lengthening,1
volumizing,1
mascara,1
false,1
korean,1
dull,1
secretion,1
ketoconazole,1
serum,1
mucin,1
cosrx,1
towelette,1
biobased,1
usda,1
belgraves,1
blushing,1
rimmel,1
improvement,1
elasticity,1
murumuru,1
flaky,1
neutrogena,1
towelettes,1
nizoral,1
noah,1
undereye,1
puffy,1
circle,1
harari,1
qifutan,1
stella,1
grace,1
fuzz,1
peach,1
eyebrow,1
dermaplane,1
precision,1
hydro,1
schick,1
dashboard,1
cashmere,1
eos,1
peroxide,1
benzoyl,1
foaming,1
panoxyl,1
merrick,1
harris,1
weighs,1
cfu,1
westcott,1
hefty,1
bloating,1
gas,1
diarrhea,1
constipation,1
occasional,1
gut,1
digestive,1
prebiotics,1
strain,1
billion,1
multiplier,1
physician,1
unflavored,1
bone,1
promotes,1
peptide,1
collagen,1
vital,1
comfortplus,1
titanium,1
serving,1
packet,1
glad,1
drawstring,1
odorshield,1
miss,1
kukka,1
coppertop,1
duracell,1
cushiony,1
charmin,1
lmnt,1
powerwash,1
dawn,1
front,1
affresh,1
sewer,1
septic,1
aloe,1
flushable,1
dude,1
aromatherapy,1
everyday,1
angel,1
grease,1
treater,1
eater,1
messy,1
mouth,1
lemon,1
aaa,1
automatic,1
lipfidence,1
hello,1
idea,1
length,1
sterling,1
extract,1
licorice,1
arbutin,1
discoloration,1
softball,1
lightener,1
lightening,1
sfx,1
bounty,1
ginger,1
peel,1
cosplay,1
joker,1
musk,1
woobles,1
earlobe,1
tragus,1
helix,1
zirconia,1
stud,1
nutmeg,1
beaded,1
seven,1
daughter,1
weatherproof,1
mailbox,1
individual,1
chemical,1
engaged,1
fiance,1
bouquet,1
couple,1
religious,1
prayer,1
christian,1
verse,1
spiritual,1
reiki,1
gemstone,1
badcolor,1
bride,1
flower,1
choker,1
dainty,1
smilebelle,1
granddaughter,1
niece,1
comfy,1
igloo,1
crochet,1
dead,1
fork,1
suretivian,1
spiralizer,1
onion,1
easyera,1
fullstar,1
promise,1
duet,1
adeline,1
haunting,1
finch,1
shocking,1
sunshine,1
gripping,1
totally,1
quicksilver,1
vancouver,1
coach,1
relationship,1
wingman,1
sutten,1
forever,1
chase,1
playbook,1
visible,1
ergonomic,1
pork,1
removable,1
frying,1
mister,1
opal,1
yarramate,1
qt,1
le,1
juicy,1
frozen,1
dehydrates,1
reheats,1
broil,1
bake,1
ninja,1
crunchable,1
keto,1
connected,1
baking,1
etekcity,1
birch,1
almond,1
trek,1
cupholder,1
mug,1
forbidden,1
grumpy,1
zafro,1
similar,1
spinner,1
operation,1
decorative,1
throw,1
sleeper,1
stomach,1
alternative,1
beckham,1
shrinkage,1
brushed,1
cu,1
closure,1
deeply,1
envelope,1
silky,1
bedsure,1
grommet,1
rustproof,1
peva,1
barossa,1
detailer,1
upholstery,1
bissell,1
sink,1
upsimples,1
mellanni,1
iconic,1
auertech,1
madly,1
truly,1
bratva,1
adamov,1
king,1
scarred,1
lane,1
kingston,1
rule,1
eating,1
anathema,1
wicked,1
fantasy,1
phantasma,1
addictive,1
absolutely,1
shaggy,1
olanly,1
turkish,1
washcloth,1
linen,1
suit,1
velvet,1
screw,1
shiny,1
vice,1
lomo,1
investment,1
promo,1
hedgehog,1
america,1
mod,1
assasination,1
podge,1
daugher,1
postcard,1
album,1
straykids,1
sealer,1
braided,1
photocard,1
pyajuu,1
pairing,1
tws,1
playtime,1
matte,1
rating,1
confidence,1
qinlianf,1
beadsland,1
bionic,1
svengoolie,1
metv,1
pvd,1
cheshire,1
dynamite,1
origin,1
garbage,1
belle,1
beast,1
driving,1
rabbit,1
lucky,1
oswald,1
material,1
mad,1
mickey,1
chou,1
joey,1
key,1
inspired,1
quiet,1
peace,1
inn,1
dragonfly,1
rufus,1
lucifer,1
figaro,1
etl,1
rhinestone,1
reward,1
liquidation,1
flash,1
nebula,1
tattoo,1
fx,1
charge,1
include,1
caliart,1
pre,1
term,1
unplasticized,1
hoard,1
sale,1
transparency,1
estate,1
treasure,1
americana,1
minted,1
rarity,1
psalm,1
archangel,1
michael,1
st,1
birchriver,1
jfk,1
intelligence,1
ssd,1
facetime,1
replaces,1
feature,1
hearing,1
cancellation,1
active,1
entertainment,1
dell,1
mid,1
fix,1
nspencm,1
go,1
crystalab,1
lockscreen,1
gbps,1
eero,1
archer,1
onemesh,1
ucanbe,1
internet,1
athena,1
ocean,1
backhaul,1
unit,1
palette,1
visa,1
dale,1
chain,1
donut,1
betem,1
tallow,1
whipped,1
homestead,1
hearth,1
rainbow,1
cluster,1
nerd,1
arabica,1
pike,1
starbucks,1
belly,1
aspartame,1
ranch,1
nacho,1
tortilla,1
doritos,1
soup,1
noodle,1
condensed,1
campbell,1
barista,1
spearmint,1
xylitol,1
infused,1
penguin,1
eczema,1
rosacea,1
peasy,1
legged,1
yarn,1
product,1
engraved,1
seen,1
name,1
collar,1
shark,1
symbol,1
lovely,1
tutorial,1
maintenance,1
loc,1
scalp,1
peppermint,1
locs,1
pierre,1
refreshing,1
moisturizing,1
locsanity,1
tourmaline,1
massive,1
chewing,1
dragonfruit,1
park,1
bach,1
crayola,1
darkseid,1
snyder,1
nm,1
facsimile,1
marvel,1
bobble,1
cuties,1
bling,1
pirate,1
sculpting,1
catherine,1
mild,1
spectacular,1
kn,1
maroon,1
mantegna,1
david,1
mind,1
criminal,1
castle,1
fantasyland,1
villain,1
dated,1
mineral,1
nutrient,1
celsius,1
functional,1
aromatic,1
bean,1
whole,1
crema,1
lavazza,1
chiaro,1
strawberry,1
kiwi,1
propel,1
diet,1
kosher,1
elite,1
monster,1
seltzer,1
vinegar,1
soda,1
prebiotic,1
poppi,1
gionlion,1
raspberry,1
preppy,1
friendship,1
polymer,1
porch,1
